shift_number,period,duration,sweaterNumber,is_home,startTime,endTime,duration_s,startTime_s,endTime_s,gameId,gameDate,playerId,positionCode
1,1,00:20,5,1,0:45,1:05,20,45,65,2020020001,2021-01-13,8479026,D
2,1,01:15,5,1,2:51,4:06,75,171,246,2020020001,2021-01-13,8479026,D
3,1,00:32,5,1,5:12,5:44,32,312,344,2020020001,2021-01-13,8479026,D
4,1,00:38,5,1,6:42,7:20,38,402,440,2020020001,2021-01-13,8479026,D
5,1,00:45,5,1,9:13,9:58,45,553,598,2020020001,2021-01-13,8479026,D
6,1,00:16,5,1,11:05,11:21,16,665,681,2020020001,2021-01-13,8479026,D
7,1,00:24,5,1,13:06,13:30,24,786,810,2020020001,2021-01-13,8479026,D
8,1,00:31,5,1,15:11,15:42,31,911,942,2020020001,2021-01-13,8479026,D
9,1,00:45,5,1,16:25,17:10,45,985,1030,2020020001,2021-01-13,8479026,D
10,1,00:35,5,1,18:37,19:12,35,1117,1152,2020020001,2021-01-13,8479026,D
11,2,00:48,5,1,0:23,1:11,48,1223,1271,2020020001,2021-01-13,8479026,D
12,2,00:45,5,1,2:31,3:16,45,1351,1396,2020020001,2021-01-13,8479026,D
13,2,01:47,5,1,5:17,7:04,107,1517,1624,2020020001,2021-01-13,8479026,D
14,2,00:44,5,1,8:42,9:26,44,1722,1766,2020020001,2021-01-13,8479026,D
15,2,00:51,5,1,10:02,10:53,51,1802,1853,2020020001,2021-01-13,8479026,D
16,2,01:00,5,1,13:27,14:27,60,2007,2067,2020020001,2021-01-13,8479026,D
17,2,00:29,5,1,14:46,15:15,29,2086,2115,2020020001,2021-01-13,8479026,D
18,2,01:12,5,1,16:45,17:57,72,2205,2277,2020020001,2021-01-13,8479026,D
19,2,01:06,5,1,18:54,20:00,66,2334,2400,2020020001,2021-01-13,8479026,D
20,3,00:06,5,1,0:33,0:39,6,2433,2439,2020020001,2021-01-13,8479026,D
21,3,00:40,5,1,3:01,3:41,40,2581,2621,2020020001,2021-01-13,8479026,D
22,3,00:20,5,1,5:05,5:25,20,2705,2725,2020020001,2021-01-13,8479026,D
23,3,01:07,5,1,6:16,7:23,67,2776,2843,2020020001,2021-01-13,8479026,D
24,3,00:42,5,1,9:27,10:09,42,2967,3009,2020020001,2021-01-13,8479026,D
25,3,00:15,5,1,10:55,11:10,15,3055,3070,2020020001,2021-01-13,8479026,D
26,3,00:20,5,1,12:14,12:34,20,3134,3154,2020020001,2021-01-13,8479026,D
27,3,01:13,5,1,13:37,14:50,73,3217,3290,2020020001,2021-01-13,8479026,D
28,3,00:42,5,1,17:07,17:49,42,3427,3469,2020020001,2021-01-13,8479026,D
29,3,00:55,5,1,19:05,20:00,55,3545,3600,2020020001,2021-01-13,8479026,D
1,1,00:20,6,1,0:45,1:05,20,45,65,2020020001,2021-01-13,8477948,D
2,1,01:15,6,1,2:51,4:06,75,171,246,2020020001,2021-01-13,8477948,D
3,1,00:32,6,1,5:12,5:44,32,312,344,2020020001,2021-01-13,8477948,D
4,1,00:31,6,1,6:11,6:42,31,371,402,2020020001,2021-01-13,8477948,D
5,1,00:35,6,1,7:20,7:55,35,440,475,2020020001,2021-01-13,8477948,D
6,1,00:35,6,1,9:13,9:48,35,553,588,2020020001,2021-01-13,8477948,D
7,1,00:43,6,1,10:38,11:21,43,638,681,2020020001,2021-01-13,8477948,D
8,1,00:42,6,1,12:48,13:30,42,768,810,2020020001,2021-01-13,8477948,D
9,1,00:31,6,1,15:11,15:42,31,911,942,2020020001,2021-01-13,8477948,D
10,1,00:54,6,1,16:25,17:19,54,985,1039,2020020001,2021-01-13,8477948,D
11,1,00:35,6,1,18:37,19:12,35,1117,1152,2020020001,2021-01-13,8477948,D
12,2,00:48,6,1,0:23,1:11,48,1223,1271,2020020001,2021-01-13,8477948,D
13,2,00:45,6,1,2:31,3:16,45,1351,1396,2020020001,2021-01-13,8477948,D
14,2,01:38,6,1,5:17,6:55,98,1517,1615,2020020001,2021-01-13,8477948,D
15,2,00:46,6,1,7:56,8:42,46,1676,1722,2020020001,2021-01-13,8477948,D
16,2,00:51,6,1,10:02,10:53,51,1802,1853,2020020001,2021-01-13,8477948,D
17,2,00:26,6,1,14:01,14:27,26,2041,2067,2020020001,2021-01-13,8477948,D
18,2,00:29,6,1,14:46,15:15,29,2086,2115,2020020001,2021-01-13,8477948,D
19,2,00:43,6,1,16:45,17:28,43,2205,2248,2020020001,2021-01-13,8477948,D
20,2,00:15,6,1,18:39,18:54,15,2319,2334,2020020001,2021-01-13,8477948,D
21,3,00:06,6,1,0:33,0:39,6,2433,2439,2020020001,2021-01-13,8477948,D
22,3,01:15,6,1,2:26,3:41,75,2546,2621,2020020001,2021-01-13,8477948,D
23,3,00:20,6,1,5:05,5:25,20,2705,2725,2020020001,2021-01-13,8477948,D
24,3,01:07,6,1,6:16,7:23,67,2776,2843,2020020001,2021-01-13,8477948,D
25,3,00:52,6,1,9:17,10:09,52,2957,3009,2020020001,2021-01-13,8477948,D
26,3,00:15,6,1,10:55,11:10,15,3055,3070,2020020001,2021-01-13,8477948,D
27,3,00:20,6,1,12:14,12:34,20,3134,3154,2020020001,2021-01-13,8477948,D
28,3,01:13,6,1,13:37,14:50,73,3217,3290,2020020001,2021-01-13,8477948,D
29,3,00:42,6,1,17:07,17:49,42,3427,3469,2020020001,2021-01-13,8477948,D
30,3,00:44,6,1,19:16,20:00,44,3556,3600,2020020001,2021-01-13,8477948,D
1,1,01:12,8,1,1:05,2:17,72,65,137,2020020001,2021-01-13,8477462,D
2,1,00:36,8,1,4:06,4:42,36,246,282,2020020001,2021-01-13,8477462,D
3,1,00:31,8,1,6:11,6:42,31,371,402,2020020001,2021-01-13,8477462,D
4,1,00:51,8,1,7:55,8:46,51,475,526,2020020001,2021-01-13,8477462,D
5,1,00:53,8,1,11:21,12:14,53,681,734,2020020001,2021-01-13,8477462,D
6,1,00:17,8,1,13:30,13:47,17,810,827,2020020001,2021-01-13,8477462,D
7,1,00:43,8,1,17:10,17:53,43,1030,1073,2020020001,2021-01-13,8477462,D
8,2,00:41,8,1,1:11,1:52,41,1271,1312,2020020001,2021-01-13,8477462,D
9,2,01:12,8,1,3:16,4:28,72,1396,1468,2020020001,2021-01-13,8477462,D
10,2,00:46,8,1,7:56,8:42,46,1676,1722,2020020001,2021-01-13,8477462,D
11,2,01:08,8,1,12:19,13:27,68,1939,2007,2020020001,2021-01-13,8477462,D
12,2,00:37,8,1,15:15,15:52,37,2115,2152,2020020001,2021-01-13,8477462,D
13,2,00:15,8,1,18:39,18:54,15,2319,2334,2020020001,2021-01-13,8477462,D
14,3,00:47,8,1,4:18,5:05,47,2658,2705,2020020001,2021-01-13,8477462,D
15,3,00:25,8,1,5:51,6:16,25,2751,2776,2020020001,2021-01-13,8477462,D
16,3,01:10,8,1,8:17,9:27,70,2897,2967,2020020001,2021-01-13,8477462,D
17,3,00:26,8,1,11:48,12:14,26,3108,3134,2020020001,2021-01-13,8477462,D
18,3,00:30,8,1,12:34,13:04,30,3154,3184,2020020001,2021-01-13,8477462,D
19,3,01:00,8,1,14:50,15:50,60,3290,3350,2020020001,2021-01-13,8477462,D
20,3,00:38,8,1,15:58,16:36,38,3358,3396,2020020001,2021-01-13,8477462,D
21,3,00:47,8,1,18:29,19:16,47,3509,3556,2020020001,2021-01-13,8477462,D
1,1,00:45,9,1,0:00,0:45,45,0,45,2020020001,2021-01-13,8478500,D
2,1,00:34,9,1,2:17,2:51,34,137,171,2020020001,2021-01-13,8478500,D
3,1,00:30,9,1,4:42,5:12,30,282,312,2020020001,2021-01-13,8478500,D
4,1,00:27,9,1,5:44,6:11,27,344,371,2020020001,2021-01-13,8478500,D
5,1,00:38,9,1,6:42,7:20,38,402,440,2020020001,2021-01-13,8478500,D
6,1,00:27,9,1,8:46,9:13,27,526,553,2020020001,2021-01-13,8478500,D
7,1,01:17,9,1,9:48,11:05,77,588,665,2020020001,2021-01-13,8478500,D
8,1,01:03,9,1,12:03,13:06,63,723,786,2020020001,2021-01-13,8478500,D
9,1,00:58,9,1,13:47,14:45,58,827,885,2020020001,2021-01-13,8478500,D
10,1,00:43,9,1,15:42,16:25,43,942,985,2020020001,2021-01-13,8478500,D
11,1,00:44,9,1,17:53,18:37,44,1073,1117,2020020001,2021-01-13,8478500,D
12,1,00:32,9,1,19:12,19:44,32,1152,1184,2020020001,2021-01-13,8478500,D
13,1,00:08,9,1,19:52,20:00,8,1192,1200,2020020001,2021-01-13,8478500,D
14,2,00:23,9,1,0:00,0:23,23,1200,1223,2020020001,2021-01-13,8478500,D
15,2,00:39,9,1,1:52,2:31,39,1312,1351,2020020001,2021-01-13,8478500,D
16,2,00:23,9,1,3:16,3:39,23,1396,1419,2020020001,2021-01-13,8478500,D
17,2,00:49,9,1,4:28,5:17,49,1468,1517,2020020001,2021-01-13,8478500,D
18,2,00:52,9,1,7:04,7:56,52,1624,1676,2020020001,2021-01-13,8478500,D
19,2,00:44,9,1,8:42,9:26,44,1722,1766,2020020001,2021-01-13,8478500,D
20,2,01:26,9,1,10:53,12:19,86,1853,1939,2020020001,2021-01-13,8478500,D
21,2,00:19,9,1,14:27,14:46,19,2067,2086,2020020001,2021-01-13,8478500,D
22,2,00:53,9,1,15:52,16:45,53,2152,2205,2020020001,2021-01-13,8478500,D
23,2,00:42,9,1,17:57,18:39,42,2277,2319,2020020001,2021-01-13,8478500,D
24,3,00:33,9,1,0:00,0:33,33,2400,2433,2020020001,2021-01-13,8478500,D
25,3,01:04,9,1,1:22,2:26,64,2482,2546,2020020001,2021-01-13,8478500,D
26,3,00:37,9,1,3:41,4:18,37,2621,2658,2020020001,2021-01-13,8478500,D
27,3,00:26,9,1,5:25,5:51,26,2725,2751,2020020001,2021-01-13,8478500,D
28,3,00:54,9,1,7:23,8:17,54,2843,2897,2020020001,2021-01-13,8478500,D
29,3,00:46,9,1,10:09,10:55,46,3009,3055,2020020001,2021-01-13,8478500,D
30,3,00:38,9,1,11:10,11:48,38,3070,3108,2020020001,2021-01-13,8478500,D
31,3,00:33,9,1,13:04,13:37,33,3184,3217,2020020001,2021-01-13,8478500,D
32,3,00:08,9,1,15:50,15:58,8,3350,3358,2020020001,2021-01-13,8478500,D
33,3,00:45,9,1,16:22,17:07,45,3382,3427,2020020001,2021-01-13,8478500,D
34,3,00:40,9,1,17:49,18:29,40,3469,3509,2020020001,2021-01-13,8478500,D
1,1,00:34,11,1,0:00,0:34,34,0,34,2020020001,2021-01-13,8478439,C
2,1,00:41,11,1,4:06,4:47,41,246,287,2020020001,2021-01-13,8478439,C
3,1,00:35,11,1,9:13,9:48,35,553,588,2020020001,2021-01-13,8478439,C
4,1,00:45,11,1,12:03,12:48,45,723,768,2020020001,2021-01-13,8478439,C
5,1,00:58,11,1,13:47,14:45,58,827,885,2020020001,2021-01-13,8478439,C
6,1,00:54,11,1,15:42,16:36,54,942,996,2020020001,2021-01-13,8478439,C
7,1,00:52,11,1,18:37,19:29,52,1117,1169,2020020001,2021-01-13,8478439,C
8,2,00:23,11,1,0:00,0:23,23,1200,1223,2020020001,2021-01-13,8478439,C
9,2,00:49,11,1,4:28,5:17,49,1468,1517,2020020001,2021-01-13,8478439,C
10,2,00:42,11,1,10:11,10:53,42,1811,1853,2020020001,2021-01-13,8478439,C
11,2,01:00,11,1,13:27,14:27,60,2007,2067,2020020001,2021-01-13,8478439,C
12,2,00:56,11,1,16:51,17:47,56,2211,2267,2020020001,2021-01-13,8478439,C
13,2,01:06,11,1,18:54,20:00,66,2334,2400,2020020001,2021-01-13,8478439,C
14,3,00:33,11,1,0:00,0:33,33,2400,2433,2020020001,2021-01-13,8478439,C
15,3,01:04,11,1,1:22,2:26,64,2482,2546,2020020001,2021-01-13,8478439,C
16,3,00:36,11,1,4:18,4:54,36,2658,2694,2020020001,2021-01-13,8478439,C
17,3,00:25,11,1,5:51,6:16,25,2751,2776,2020020001,2021-01-13,8478439,C
18,3,00:49,11,1,8:38,9:27,49,2918,2967,2020020001,2021-01-13,8478439,C
19,3,00:26,11,1,11:48,12:14,26,3108,3134,2020020001,2021-01-13,8478439,C
20,3,01:13,11,1,13:37,14:50,73,3217,3290,2020020001,2021-01-13,8478439,C
21,3,00:10,11,1,17:07,17:17,10,3427,3437,2020020001,2021-01-13,8478439,C
22,3,00:28,11,1,18:20,18:48,28,3500,3528,2020020001,2021-01-13,8478439,C
1,1,00:36,12,1,1:55,2:31,36,115,151,2020020001,2021-01-13,8477290,L
2,1,00:32,12,1,5:12,5:44,32,312,344,2020020001,2021-01-13,8477290,L
3,1,00:35,12,1,7:20,7:55,35,440,475,2020020001,2021-01-13,8477290,L
4,1,00:50,12,1,9:48,10:38,50,588,638,2020020001,2021-01-13,8477290,L
5,1,00:55,12,1,12:48,13:43,55,768,823,2020020001,2021-01-13,8477290,L
6,1,00:31,12,1,15:11,15:42,31,911,942,2020020001,2021-01-13,8477290,L
7,1,00:44,12,1,17:53,18:37,44,1073,1117,2020020001,2021-01-13,8477290,L
8,1,00:08,12,1,19:52,20:00,8,1192,1200,2020020001,2021-01-13,8477290,L
9,2,00:29,12,1,3:10,3:39,29,1390,1419,2020020001,2021-01-13,8477290,L
10,2,00:45,12,1,6:19,7:04,45,1579,1624,2020020001,2021-01-13,8477290,L
11,2,00:37,12,1,8:49,9:26,37,1729,1766,2020020001,2021-01-13,8477290,L
12,2,01:02,12,1,11:46,12:48,62,1906,1968,2020020001,2021-01-13,8477290,L
13,2,00:39,12,1,16:12,16:51,39,2172,2211,2020020001,2021-01-13,8477290,L
14,2,00:23,12,1,19:37,20:00,23,2377,2400,2020020001,2021-01-13,8477290,L
15,3,00:40,12,1,3:01,3:41,40,2581,2621,2020020001,2021-01-13,8477290,L
16,3,00:12,12,1,5:25,5:37,12,2725,2737,2020020001,2021-01-13,8477290,L
17,3,00:52,12,1,7:46,8:38,52,2866,2918,2020020001,2021-01-13,8477290,L
18,3,01:02,12,1,10:46,11:48,62,3046,3108,2020020001,2021-01-13,8477290,L
19,3,00:33,12,1,13:04,13:37,33,3184,3217,2020020001,2021-01-13,8477290,L
20,3,00:45,12,1,16:22,17:07,45,3382,3427,2020020001,2021-01-13,8477290,L
21,3,00:28,12,1,18:48,19:16,28,3528,3556,2020020001,2021-01-13,8477290,L
1,1,00:31,13,1,0:34,1:05,31,34,65,2020020001,2021-01-13,8475763,R
2,1,01:15,13,1,2:51,4:06,75,171,246,2020020001,2021-01-13,8475763,R
3,1,00:27,13,1,6:15,6:42,27,375,402,2020020001,2021-01-13,8475763,R
4,1,00:27,13,1,8:46,9:13,27,526,553,2020020001,2021-01-13,8475763,R
5,1,00:42,13,1,11:21,12:03,42,681,723,2020020001,2021-01-13,8475763,R
6,1,00:58,13,1,13:47,14:45,58,827,885,2020020001,2021-01-13,8475763,R
7,1,00:43,13,1,16:36,17:19,43,996,1039,2020020001,2021-01-13,8475763,R
8,1,00:15,13,1,19:29,19:44,15,1169,1184,2020020001,2021-01-13,8475763,R
9,2,00:48,13,1,0:23,1:11,48,1223,1271,2020020001,2021-01-13,8475763,R
10,2,00:45,13,1,2:31,3:16,45,1351,1396,2020020001,2021-01-13,8475763,R
11,2,01:02,13,1,5:17,6:19,62,1517,1579,2020020001,2021-01-13,8475763,R
12,2,00:53,13,1,7:56,8:49,53,1676,1729,2020020001,2021-01-13,8475763,R
13,2,00:45,13,1,10:53,11:38,45,1853,1898,2020020001,2021-01-13,8475763,R
14,2,00:19,13,1,14:27,14:46,19,2067,2086,2020020001,2021-01-13,8475763,R
15,2,00:46,13,1,15:15,16:01,46,2115,2161,2020020001,2021-01-13,8475763,R
16,2,00:23,13,1,18:31,18:54,23,2311,2334,2020020001,2021-01-13,8475763,R
17,3,00:12,13,1,0:27,0:39,12,2427,2439,2020020001,2021-01-13,8475763,R
18,3,01:04,13,1,1:22,2:26,64,2482,2546,2020020001,2021-01-13,8475763,R
19,3,00:37,13,1,3:41,4:18,37,2621,2658,2020020001,2021-01-13,8475763,R
20,3,00:14,13,1,5:37,5:51,14,2737,2751,2020020001,2021-01-13,8475763,R
21,3,01:00,13,1,6:16,7:16,60,2776,2836,2020020001,2021-01-13,8475763,R
22,3,00:26,13,1,9:27,9:53,26,2967,2993,2020020001,2021-01-13,8475763,R
23,3,00:20,13,1,12:14,12:34,20,3134,3154,2020020001,2021-01-13,8475763,R
24,3,00:47,13,1,14:50,15:37,47,3290,3337,2020020001,2021-01-13,8475763,R
25,3,00:32,13,1,17:17,17:49,32,3437,3469,2020020001,2021-01-13,8475763,R
26,3,00:13,13,1,19:47,20:00,13,3587,3600,2020020001,2021-01-13,8475763,R
1,1,00:34,14,1,0:00,0:34,34,0,34,2020020001,2021-01-13,8476461,C
2,1,00:41,14,1,4:06,4:47,41,246,287,2020020001,2021-01-13,8476461,C
3,1,00:31,14,1,5:44,6:15,31,344,375,2020020001,2021-01-13,8476461,C
4,1,00:38,14,1,6:42,7:20,38,402,440,2020020001,2021-01-13,8476461,C
5,1,00:35,14,1,9:13,9:48,35,553,588,2020020001,2021-01-13,8476461,C
6,1,00:45,14,1,12:03,12:48,45,723,768,2020020001,2021-01-13,8476461,C
7,1,00:58,14,1,13:47,14:45,58,827,885,2020020001,2021-01-13,8476461,C
8,1,00:54,14,1,15:42,16:36,54,942,996,2020020001,2021-01-13,8476461,C
9,1,00:52,14,1,18:37,19:29,52,1117,1169,2020020001,2021-01-13,8476461,C
10,2,00:23,14,1,0:00,0:23,23,1200,1223,2020020001,2021-01-13,8476461,C
11,2,00:39,14,1,1:52,2:31,39,1312,1351,2020020001,2021-01-13,8476461,C
12,2,00:49,14,1,4:28,5:17,49,1468,1517,2020020001,2021-01-13,8476461,C
13,2,00:33,14,1,7:23,7:56,33,1643,1676,2020020001,2021-01-13,8476461,C
14,2,00:42,14,1,10:11,10:53,42,1811,1853,2020020001,2021-01-13,8476461,C
15,2,01:00,14,1,13:27,14:27,60,2007,2067,2020020001,2021-01-13,8476461,C
16,2,01:09,14,1,16:38,17:47,69,2198,2267,2020020001,2021-01-13,8476461,C
17,2,01:06,14,1,18:54,20:00,66,2334,2400,2020020001,2021-01-13,8476461,C
18,3,00:27,14,1,0:00,0:27,27,2400,2427,2020020001,2021-01-13,8476461,C
19,3,01:04,14,1,1:22,2:26,64,2482,2546,2020020001,2021-01-13,8476461,C
20,3,00:42,14,1,4:18,5:00,42,2658,2700,2020020001,2021-01-13,8476461,C
21,3,00:25,14,1,5:51,6:16,25,2751,2776,2020020001,2021-01-13,8476461,C
22,3,00:49,14,1,8:38,9:27,49,2918,2967,2020020001,2021-01-13,8476461,C
23,3,00:42,14,1,11:32,12:14,42,3092,3134,2020020001,2021-01-13,8476461,C
24,3,01:13,14,1,13:37,14:50,73,3217,3290,2020020001,2021-01-13,8476461,C
25,3,00:10,14,1,17:07,17:17,10,3427,3437,2020020001,2021-01-13,8476461,C
26,3,01:06,14,1,17:49,18:55,66,3469,3535,2020020001,2021-01-13,8476461,C
1,1,00:50,19,1,1:05,1:55,50,65,115,2020020001,2021-01-13,8479974,C
2,1,00:25,19,1,4:47,5:12,25,287,312,2020020001,2021-01-13,8479974,C
3,1,00:51,19,1,7:55,8:46,51,475,526,2020020001,2021-01-13,8479974,C
4,1,00:43,19,1,10:38,11:21,43,638,681,2020020001,2021-01-13,8479974,C
5,1,00:17,19,1,13:30,13:47,17,810,827,2020020001,2021-01-13,8479974,C
6,1,00:26,19,1,14:45,15:11,26,885,911,2020020001,2021-01-13,8479974,C
7,1,00:34,19,1,17:19,17:53,34,1039,1073,2020020001,2021-01-13,8479974,C
8,1,00:08,19,1,19:44,19:52,8,1184,1192,2020020001,2021-01-13,8479974,C
9,2,00:41,19,1,1:11,1:52,41,1271,1312,2020020001,2021-01-13,8479974,C
10,2,00:49,19,1,3:39,4:28,49,1419,1468,2020020001,2021-01-13,8479974,C
11,2,00:19,19,1,7:04,7:23,19,1624,1643,2020020001,2021-01-13,8479974,C
12,2,00:48,19,1,9:23,10:11,48,1763,1811,2020020001,2021-01-13,8479974,C
13,2,00:39,19,1,12:48,13:27,39,1968,2007,2020020001,2021-01-13,8479974,C
14,2,00:29,19,1,14:46,15:15,29,2086,2115,2020020001,2021-01-13,8479974,C
15,2,00:44,19,1,17:47,18:31,44,2267,2311,2020020001,2021-01-13,8479974,C
16,3,00:43,19,1,0:39,1:22,43,2439,2482,2020020001,2021-01-13,8479974,C
17,3,00:35,19,1,2:26,3:01,35,2546,2581,2020020001,2021-01-13,8479974,C
18,3,00:25,19,1,5:00,5:25,25,2700,2725,2020020001,2021-01-13,8479974,C
19,3,00:30,19,1,7:16,7:46,30,2836,2866,2020020001,2021-01-13,8479974,C
20,3,00:53,19,1,9:53,10:46,53,2993,3046,2020020001,2021-01-13,8479974,C
21,3,00:30,19,1,12:34,13:04,30,3154,3184,2020020001,2021-01-13,8479974,C
22,3,00:45,19,1,15:37,16:22,45,3337,3382,2020020001,2021-01-13,8479974,C
23,3,00:31,19,1,17:49,18:20,31,3469,3500,2020020001,2021-01-13,8479974,C
24,3,00:31,19,1,19:16,19:47,31,3556,3587,2020020001,2021-01-13,8479974,C
1,1,00:56,21,1,1:55,2:51,56,115,171,2020020001,2021-01-13,8476872,L
2,1,00:32,21,1,5:12,5:44,32,312,344,2020020001,2021-01-13,8476872,L
3,1,00:11,21,1,7:44,7:55,11,464,475,2020020001,2021-01-13,8476872,L
4,1,00:50,21,1,9:48,10:38,50,588,638,2020020001,2021-01-13,8476872,L
5,1,00:42,21,1,12:48,13:30,42,768,810,2020020001,2021-01-13,8476872,L
6,1,00:31,21,1,15:11,15:42,31,911,942,2020020001,2021-01-13,8476872,L
7,1,00:44,21,1,17:53,18:37,44,1073,1117,2020020001,2021-01-13,8476872,L
8,1,00:08,21,1,19:52,20:00,8,1192,1200,2020020001,2021-01-13,8476872,L
9,2,00:39,21,1,2:31,3:10,39,1351,1390,2020020001,2021-01-13,8476872,L
10,2,00:45,21,1,6:19,7:04,45,1579,1624,2020020001,2021-01-13,8476872,L
11,2,00:53,21,1,7:56,8:49,53,1676,1729,2020020001,2021-01-13,8476872,L
12,2,01:10,21,1,11:38,12:48,70,1898,1968,2020020001,2021-01-13,8476872,L
13,2,00:37,21,1,16:01,16:38,37,2161,2198,2020020001,2021-01-13,8476872,L
14,3,00:40,21,1,3:01,3:41,40,2581,2621,2020020001,2021-01-13,8476872,L
15,3,00:12,21,1,5:25,5:37,12,2725,2737,2020020001,2021-01-13,8476872,L
16,3,00:52,21,1,7:46,8:38,52,2866,2918,2020020001,2021-01-13,8476872,L
17,3,00:46,21,1,10:46,11:32,46,3046,3092,2020020001,2021-01-13,8476872,L
18,3,00:33,21,1,13:04,13:37,33,3184,3217,2020020001,2021-01-13,8476872,L
19,3,00:45,21,1,16:22,17:07,45,3382,3427,2020020001,2021-01-13,8476872,L
20,3,00:47,21,1,18:29,19:16,47,3509,3556,2020020001,2021-01-13,8476872,L
1,1,00:34,23,1,0:00,0:34,34,0,34,2020020001,2021-01-13,8478067,L
2,1,00:20,23,1,2:31,2:51,20,151,171,2020020001,2021-01-13,8478067,L
3,1,00:45,23,1,3:57,4:42,45,237,282,2020020001,2021-01-13,8478067,L
4,1,00:31,23,1,6:11,6:42,31,371,402,2020020001,2021-01-13,8478067,L
5,1,00:35,23,1,9:13,9:48,35,553,588,2020020001,2021-01-13,8478067,L
6,1,00:45,23,1,12:03,12:48,45,723,768,2020020001,2021-01-13,8478067,L
7,1,00:43,23,1,15:42,16:25,43,942,985,2020020001,2021-01-13,8478067,L
8,1,00:52,23,1,18:37,19:29,52,1117,1169,2020020001,2021-01-13,8478067,L
9,2,00:23,23,1,0:00,0:23,23,1200,1223,2020020001,2021-01-13,8478067,L
10,2,00:23,23,1,3:16,3:39,23,1396,1419,2020020001,2021-01-13,8478067,L
11,2,00:49,23,1,4:28,5:17,49,1468,1517,2020020001,2021-01-13,8478067,L
12,2,00:37,23,1,8:49,9:26,37,1729,1766,2020020001,2021-01-13,8478067,L
13,2,00:33,23,1,10:20,10:53,33,1820,1853,2020020001,2021-01-13,8478067,L
14,2,00:34,23,1,13:27,14:01,34,2007,2041,2020020001,2021-01-13,8478067,L
15,2,00:56,23,1,16:51,17:47,56,2211,2267,2020020001,2021-01-13,8478067,L
16,2,00:43,23,1,18:54,19:37,43,2334,2377,2020020001,2021-01-13,8478067,L
17,3,00:21,23,1,0:00,0:21,21,2400,2421,2020020001,2021-01-13,8478067,L
18,3,00:42,23,1,4:18,5:00,42,2658,2700,2020020001,2021-01-13,8478067,L
19,3,00:25,23,1,5:51,6:16,25,2751,2776,2020020001,2021-01-13,8478067,L
20,3,00:39,23,1,8:38,9:17,39,2918,2957,2020020001,2021-01-13,8478067,L
21,3,00:26,23,1,11:48,12:14,26,3108,3134,2020020001,2021-01-13,8478067,L
22,3,01:13,23,1,13:37,14:50,73,3217,3290,2020020001,2021-01-13,8478067,L
23,3,00:10,23,1,17:07,17:17,10,3427,3437,2020020001,2021-01-13,8478067,L
24,3,00:40,23,1,17:49,18:29,40,3469,3509,2020020001,2021-01-13,8478067,L
1,1,00:50,25,1,1:05,1:55,50,65,115,2020020001,2021-01-13,8474037,L
2,1,00:30,25,1,4:42,5:12,30,282,312,2020020001,2021-01-13,8474037,L
3,1,00:51,25,1,7:55,8:46,51,475,526,2020020001,2021-01-13,8474037,L
4,1,00:43,25,1,10:38,11:21,43,638,681,2020020001,2021-01-13,8474037,L
5,1,00:04,25,1,13:43,13:47,4,823,827,2020020001,2021-01-13,8474037,L
6,1,00:26,25,1,14:45,15:11,26,885,911,2020020001,2021-01-13,8474037,L
7,1,00:34,25,1,17:19,17:53,34,1039,1073,2020020001,2021-01-13,8474037,L
8,1,00:08,25,1,19:44,19:52,8,1184,1192,2020020001,2021-01-13,8474037,L
9,2,00:41,25,1,1:11,1:52,41,1271,1312,2020020001,2021-01-13,8474037,L
10,2,00:49,25,1,3:39,4:28,49,1419,1468,2020020001,2021-01-13,8474037,L
11,2,00:19,25,1,7:04,7:23,19,1624,1643,2020020001,2021-01-13,8474037,L
12,2,00:54,25,1,9:26,10:20,54,1766,1820,2020020001,2021-01-13,8474037,L
13,2,00:39,25,1,12:48,13:27,39,1968,2007,2020020001,2021-01-13,8474037,L
14,2,00:29,25,1,14:46,15:15,29,2086,2115,2020020001,2021-01-13,8474037,L
15,2,00:44,25,1,17:47,18:31,44,2267,2311,2020020001,2021-01-13,8474037,L
16,3,00:43,25,1,0:39,1:22,43,2439,2482,2020020001,2021-01-13,8474037,L
17,3,00:35,25,1,2:26,3:01,35,2546,2581,2020020001,2021-01-13,8474037,L
18,3,00:25,25,1,5:00,5:25,25,2700,2725,2020020001,2021-01-13,8474037,L
19,3,00:30,25,1,7:16,7:46,30,2836,2866,2020020001,2021-01-13,8474037,L
20,3,00:53,25,1,9:53,10:46,53,2993,3046,2020020001,2021-01-13,8474037,L
21,3,00:30,25,1,12:34,13:04,30,3154,3184,2020020001,2021-01-13,8474037,L
22,3,00:45,25,1,15:37,16:22,45,3337,3382,2020020001,2021-01-13,8474037,L
23,3,00:31,25,1,19:16,19:47,31,3556,3587,2020020001,2021-01-13,8474037,L
1,1,00:31,28,1,0:34,1:05,31,34,65,2020020001,2021-01-13,8473512,R
2,1,01:06,28,1,2:51,3:57,66,171,237,2020020001,2021-01-13,8473512,R
3,1,00:27,28,1,5:44,6:11,27,344,371,2020020001,2021-01-13,8473512,R
4,1,00:35,28,1,7:20,7:55,35,440,475,2020020001,2021-01-13,8473512,R
5,1,00:27,28,1,8:46,9:13,27,526,553,2020020001,2021-01-13,8473512,R
6,1,00:42,28,1,11:21,12:03,42,681,723,2020020001,2021-01-13,8473512,R
7,1,00:58,28,1,13:47,14:45,58,827,885,2020020001,2021-01-13,8473512,R
8,1,00:54,28,1,16:25,17:19,54,985,1039,2020020001,2021-01-13,8473512,R
9,1,00:15,28,1,19:29,19:44,15,1169,1184,2020020001,2021-01-13,8473512,R
10,2,00:48,28,1,0:23,1:11,48,1223,1271,2020020001,2021-01-13,8473512,R
11,2,00:39,28,1,1:52,2:31,39,1312,1351,2020020001,2021-01-13,8473512,R
12,2,01:02,28,1,5:17,6:19,62,1517,1579,2020020001,2021-01-13,8473512,R
13,2,00:33,28,1,7:23,7:56,33,1643,1676,2020020001,2021-01-13,8473512,R
14,2,00:45,28,1,10:53,11:38,45,1853,1898,2020020001,2021-01-13,8473512,R
15,2,00:45,28,1,14:01,14:46,45,2041,2086,2020020001,2021-01-13,8473512,R
16,2,00:46,28,1,15:15,16:01,46,2115,2161,2020020001,2021-01-13,8473512,R
17,2,00:23,28,1,18:31,18:54,23,2311,2334,2020020001,2021-01-13,8473512,R
18,3,00:18,28,1,0:21,0:39,18,2421,2439,2020020001,2021-01-13,8473512,R
19,3,01:04,28,1,1:22,2:26,64,2482,2546,2020020001,2021-01-13,8473512,R
20,3,00:37,28,1,3:41,4:18,37,2621,2658,2020020001,2021-01-13,8473512,R
21,3,00:14,28,1,5:37,5:51,14,2737,2751,2020020001,2021-01-13,8473512,R
22,3,01:00,28,1,6:16,7:16,60,2776,2836,2020020001,2021-01-13,8473512,R
23,3,00:36,28,1,9:17,9:53,36,2957,2993,2020020001,2021-01-13,8473512,R
24,3,00:11,28,1,11:10,11:21,11,3070,3081,2020020001,2021-01-13,8473512,R
25,3,00:20,28,1,12:14,12:34,20,3134,3154,2020020001,2021-01-13,8473512,R
26,3,00:47,28,1,14:50,15:37,47,3290,3337,2020020001,2021-01-13,8473512,R
27,3,00:32,28,1,17:17,17:49,32,3437,3469,2020020001,2021-01-13,8473512,R
28,3,00:13,28,1,19:47,20:00,13,3587,3600,2020020001,2021-01-13,8473512,R
1,1,01:12,56,1,1:05,2:17,72,65,137,2020020001,2021-01-13,8476979,D
2,1,00:36,56,1,4:06,4:42,36,246,282,2020020001,2021-01-13,8476979,D
3,1,00:51,56,1,7:55,8:46,51,475,526,2020020001,2021-01-13,8476979,D
4,1,00:40,56,1,9:58,10:38,40,598,638,2020020001,2021-01-13,8476979,D
5,1,00:42,56,1,11:21,12:03,42,681,723,2020020001,2021-01-13,8476979,D
6,1,00:17,56,1,13:30,13:47,17,810,827,2020020001,2021-01-13,8476979,D
7,1,00:26,56,1,14:45,15:11,26,885,911,2020020001,2021-01-13,8476979,D
8,1,00:42,56,1,17:19,18:01,42,1039,1081,2020020001,2021-01-13,8476979,D
9,1,00:17,56,1,19:12,19:29,17,1152,1169,2020020001,2021-01-13,8476979,D
10,1,00:08,56,1,19:44,19:52,8,1184,1192,2020020001,2021-01-13,8476979,D
11,2,00:41,56,1,1:11,1:52,41,1271,1312,2020020001,2021-01-13,8476979,D
12,2,00:49,56,1,3:39,4:28,49,1419,1468,2020020001,2021-01-13,8476979,D
13,2,00:09,56,1,6:55,7:04,9,1615,1624,2020020001,2021-01-13,8476979,D
14,2,00:36,56,1,9:26,10:02,36,1766,1802,2020020001,2021-01-13,8476979,D
15,2,01:42,56,1,12:19,14:01,102,1939,2041,2020020001,2021-01-13,8476979,D
16,2,00:37,56,1,15:15,15:52,37,2115,2152,2020020001,2021-01-13,8476979,D
17,2,01:11,56,1,17:28,18:39,71,2248,2319,2020020001,2021-01-13,8476979,D
18,3,00:43,56,1,0:39,1:22,43,2439,2482,2020020001,2021-01-13,8476979,D
19,3,00:35,56,1,2:26,3:01,35,2546,2581,2020020001,2021-01-13,8476979,D
20,3,00:47,56,1,4:18,5:05,47,2658,2705,2020020001,2021-01-13,8476979,D
21,3,00:25,56,1,5:51,6:16,25,2751,2776,2020020001,2021-01-13,8476979,D
22,3,01:00,56,1,8:17,9:17,60,2897,2957,2020020001,2021-01-13,8476979,D
23,3,00:26,56,1,11:48,12:14,26,3108,3134,2020020001,2021-01-13,8476979,D
24,3,00:30,56,1,12:34,13:04,30,3154,3184,2020020001,2021-01-13,8476979,D
25,3,01:00,56,1,14:50,15:50,60,3290,3350,2020020001,2021-01-13,8476979,D
26,3,00:24,56,1,15:58,16:22,24,3358,3382,2020020001,2021-01-13,8476979,D
27,3,00:36,56,1,18:29,19:05,36,3509,3545,2020020001,2021-01-13,8476979,D
1,1,00:45,61,1,0:00,0:45,45,0,45,2020020001,2021-01-13,8474027,D
2,1,00:34,61,1,2:17,2:51,34,137,171,2020020001,2021-01-13,8474027,D
3,1,00:30,61,1,4:42,5:12,30,282,312,2020020001,2021-01-13,8474027,D
4,1,00:27,61,1,5:44,6:11,27,344,371,2020020001,2021-01-13,8474027,D
5,1,00:35,61,1,7:20,7:55,35,440,475,2020020001,2021-01-13,8474027,D
6,1,00:27,61,1,8:46,9:13,27,526,553,2020020001,2021-01-13,8474027,D
7,1,00:34,61,1,12:14,12:48,34,734,768,2020020001,2021-01-13,8474027,D
8,1,00:43,61,1,15:42,16:25,43,942,985,2020020001,2021-01-13,8474027,D
9,1,00:36,61,1,18:01,18:37,36,1081,1117,2020020001,2021-01-13,8474027,D
10,1,00:08,61,1,19:52,20:00,8,1192,1200,2020020001,2021-01-13,8474027,D
11,2,00:23,61,1,0:00,0:23,23,1200,1223,2020020001,2021-01-13,8474027,D
12,2,00:39,61,1,1:52,2:31,39,1312,1351,2020020001,2021-01-13,8474027,D
13,2,00:49,61,1,4:28,5:17,49,1468,1517,2020020001,2021-01-13,8474027,D
14,2,00:52,61,1,7:04,7:56,52,1624,1676,2020020001,2021-01-13,8474027,D
15,2,00:36,61,1,9:26,10:02,36,1766,1802,2020020001,2021-01-13,8474027,D
16,2,01:26,61,1,10:53,12:19,86,1853,1939,2020020001,2021-01-13,8474027,D
17,2,00:19,61,1,14:27,14:46,19,2067,2086,2020020001,2021-01-13,8474027,D
18,2,00:53,61,1,15:52,16:45,53,2152,2205,2020020001,2021-01-13,8474027,D
19,2,01:06,61,1,18:54,20:00,66,2334,2400,2020020001,2021-01-13,8474027,D
20,3,00:33,61,1,0:00,0:33,33,2400,2433,2020020001,2021-01-13,8474027,D
21,3,00:37,61,1,3:41,4:18,37,2621,2658,2020020001,2021-01-13,8474027,D
22,3,00:26,61,1,5:25,5:51,26,2725,2751,2020020001,2021-01-13,8474027,D
23,3,00:54,61,1,7:23,8:17,54,2843,2897,2020020001,2021-01-13,8474027,D
24,3,00:46,61,1,10:09,10:55,46,3009,3055,2020020001,2021-01-13,8474027,D
25,3,00:38,61,1,11:10,11:48,38,3070,3108,2020020001,2021-01-13,8474027,D
26,3,00:33,61,1,13:04,13:37,33,3184,3217,2020020001,2021-01-13,8474027,D
27,3,00:08,61,1,15:50,15:58,8,3350,3358,2020020001,2021-01-13,8474027,D
28,3,00:31,61,1,16:36,17:07,31,3396,3427,2020020001,2021-01-13,8474027,D
29,3,00:40,61,1,17:49,18:29,40,3469,3509,2020020001,2021-01-13,8474027,D
1,1,00:56,62,1,1:55,2:51,56,115,171,2020020001,2021-01-13,8477979,R
2,1,00:32,62,1,5:12,5:44,32,312,344,2020020001,2021-01-13,8477979,R
3,1,00:10,62,1,7:10,7:20,10,430,440,2020020001,2021-01-13,8477979,R
4,1,00:50,62,1,9:48,10:38,50,588,638,2020020001,2021-01-13,8477979,R
5,1,00:42,62,1,12:48,13:30,42,768,810,2020020001,2021-01-13,8477979,R
6,1,00:31,62,1,15:11,15:42,31,911,942,2020020001,2021-01-13,8477979,R
7,1,00:44,62,1,17:53,18:37,44,1073,1117,2020020001,2021-01-13,8477979,R
8,1,00:08,62,1,19:52,20:00,8,1192,1200,2020020001,2021-01-13,8477979,R
9,2,00:45,62,1,6:19,7:04,45,1579,1624,2020020001,2021-01-13,8477979,R
10,2,00:47,62,1,11:38,12:25,47,1898,1945,2020020001,2021-01-13,8477979,R
11,2,00:50,62,1,16:01,16:51,50,2161,2211,2020020001,2021-01-13,8477979,R
12,3,00:40,62,1,3:01,3:41,40,2581,2621,2020020001,2021-01-13,8477979,R
13,3,00:12,62,1,5:25,5:37,12,2725,2737,2020020001,2021-01-13,8477979,R
14,3,00:52,62,1,7:46,8:38,52,2866,2918,2020020001,2021-01-13,8477979,R
15,3,00:24,62,1,10:46,11:10,24,3046,3070,2020020001,2021-01-13,8477979,R
16,3,00:27,62,1,11:21,11:48,27,3081,3108,2020020001,2021-01-13,8477979,R
17,3,00:33,62,1,13:04,13:37,33,3184,3217,2020020001,2021-01-13,8477979,R
18,3,00:45,62,1,16:22,17:07,45,3382,3427,2020020001,2021-01-13,8477979,R
19,3,00:21,62,1,18:55,19:16,21,3535,3556,2020020001,2021-01-13,8477979,R
1,1,19:29,79,1,0:00,19:29,1169,0,1169,2020020001,2021-01-13,8479394,G
2,1,00:16,79,1,19:44,20:00,16,1184,1200,2020020001,2021-01-13,8479394,G
3,2,20:00,79,1,0:00,20:00,1200,1200,2400,2020020001,2021-01-13,8479394,G
4,3,20:00,79,1,0:00,20:00,1200,2400,3600,2020020001,2021-01-13,8479394,G
1,1,00:31,86,1,0:34,1:05,31,34,65,2020020001,2021-01-13,8480797,L
2,1,01:15,86,1,2:51,4:06,75,171,246,2020020001,2021-01-13,8480797,L
3,1,00:28,86,1,6:42,7:10,28,402,430,2020020001,2021-01-13,8480797,L
4,1,00:27,86,1,8:46,9:13,27,526,553,2020020001,2021-01-13,8480797,L
5,1,00:42,86,1,11:21,12:03,42,681,723,2020020001,2021-01-13,8480797,L
6,1,00:26,86,1,14:45,15:11,26,885,911,2020020001,2021-01-13,8480797,L
7,1,00:43,86,1,16:36,17:19,43,996,1039,2020020001,2021-01-13,8480797,L
8,1,00:23,86,1,19:29,19:52,23,1169,1192,2020020001,2021-01-13,8480797,L
9,2,00:48,86,1,0:23,1:11,48,1223,1271,2020020001,2021-01-13,8480797,L
10,2,01:02,86,1,5:17,6:19,62,1517,1579,2020020001,2021-01-13,8480797,L
11,2,00:53,86,1,10:53,11:46,53,1853,1906,2020020001,2021-01-13,8480797,L
12,2,00:19,86,1,14:27,14:46,19,2067,2086,2020020001,2021-01-13,8480797,L
13,2,00:57,86,1,15:15,16:12,57,2115,2172,2020020001,2021-01-13,8480797,L
14,2,00:23,86,1,18:31,18:54,23,2311,2334,2020020001,2021-01-13,8480797,L
15,3,00:49,86,1,0:33,1:22,49,2433,2482,2020020001,2021-01-13,8480797,L
16,3,00:37,86,1,3:41,4:18,37,2621,2658,2020020001,2021-01-13,8480797,L
17,3,00:14,86,1,5:37,5:51,14,2737,2751,2020020001,2021-01-13,8480797,L
18,3,00:34,86,1,6:16,6:50,34,2776,2810,2020020001,2021-01-13,8480797,L
19,3,00:36,86,1,9:27,10:03,36,2967,3003,2020020001,2021-01-13,8480797,L
20,3,00:20,86,1,12:14,12:34,20,3134,3154,2020020001,2021-01-13,8480797,L
21,3,01:00,86,1,14:50,15:50,60,3290,3350,2020020001,2021-01-13,8480797,L
22,3,00:32,86,1,17:17,17:49,32,3437,3469,2020020001,2021-01-13,8480797,L
23,3,00:13,86,1,19:47,20:00,13,3587,3600,2020020001,2021-01-13,8480797,L
1,1,00:50,93,1,1:05,1:55,50,65,115,2020020001,2021-01-13,8474161,R
2,1,00:25,93,1,4:47,5:12,25,287,312,2020020001,2021-01-13,8474161,R
3,1,00:51,93,1,7:55,8:46,51,475,526,2020020001,2021-01-13,8474161,R
4,1,00:43,93,1,10:38,11:21,43,638,681,2020020001,2021-01-13,8474161,R
5,1,00:17,93,1,13:30,13:47,17,810,827,2020020001,2021-01-13,8474161,R
6,1,00:26,93,1,14:45,15:11,26,885,911,2020020001,2021-01-13,8474161,R
7,1,00:34,93,1,17:19,17:53,34,1039,1073,2020020001,2021-01-13,8474161,R
8,1,00:23,93,1,19:29,19:52,23,1169,1192,2020020001,2021-01-13,8474161,R
9,2,00:41,93,1,1:11,1:52,41,1271,1312,2020020001,2021-01-13,8474161,R
10,2,00:49,93,1,3:39,4:28,49,1419,1468,2020020001,2021-01-13,8474161,R
11,2,00:19,93,1,7:04,7:23,19,1624,1643,2020020001,2021-01-13,8474161,R
12,2,00:45,93,1,9:26,10:11,45,1766,1811,2020020001,2021-01-13,8474161,R
13,2,01:02,93,1,12:25,13:27,62,1945,2007,2020020001,2021-01-13,8474161,R
14,2,00:29,93,1,14:46,15:15,29,2086,2115,2020020001,2021-01-13,8474161,R
15,2,00:44,93,1,17:47,18:31,44,2267,2311,2020020001,2021-01-13,8474161,R
16,3,00:43,93,1,0:39,1:22,43,2439,2482,2020020001,2021-01-13,8474161,R
17,3,00:35,93,1,2:26,3:01,35,2546,2581,2020020001,2021-01-13,8474161,R
18,3,00:31,93,1,4:54,5:25,31,2694,2725,2020020001,2021-01-13,8474161,R
19,3,00:56,93,1,6:50,7:46,56,2810,2866,2020020001,2021-01-13,8474161,R
20,3,00:43,93,1,10:03,10:46,43,3003,3046,2020020001,2021-01-13,8474161,R
21,3,00:30,93,1,12:34,13:04,30,3154,3184,2020020001,2021-01-13,8474161,R
22,3,00:32,93,1,15:50,16:22,32,3350,3382,2020020001,2021-01-13,8474161,R
23,3,00:31,93,1,19:16,19:47,31,3556,3587,2020020001,2021-01-13,8474161,R
1,1,00:50,4,0,1:05,1:55,50,65,115,2020020001,2021-01-13,8476879,D
2,1,00:37,4,0,4:07,4:44,37,247,284,2020020001,2021-01-13,8476879,D
3,1,00:25,4,0,8:48,9:13,25,528,553,2020020001,2021-01-13,8476879,D
4,1,00:50,4,0,10:23,11:13,50,623,673,2020020001,2021-01-13,8476879,D
5,1,00:59,4,0,12:48,13:47,59,768,827,2020020001,2021-01-13,8476879,D
6,1,00:31,4,0,15:11,15:42,31,911,942,2020020001,2021-01-13,8476879,D
7,1,00:32,4,0,17:18,17:50,32,1038,1070,2020020001,2021-01-13,8476879,D
8,2,00:22,4,0,1:30,1:52,22,1290,1312,2020020001,2021-01-13,8476879,D
9,2,01:10,4,0,4:40,5:50,70,1480,1550,2020020001,2021-01-13,8476879,D
10,2,01:34,4,0,9:26,11:00,94,1766,1860,2020020001,2021-01-13,8476879,D
11,2,01:05,4,0,11:45,12:50,65,1905,1970,2020020001,2021-01-13,8476879,D
12,2,01:20,4,0,15:45,17:05,80,2145,2225,2020020001,2021-01-13,8476879,D
13,3,00:52,4,0,2:09,3:01,52,2529,2581,2020020001,2021-01-13,8476879,D
14,3,00:56,4,0,4:18,5:14,56,2658,2714,2020020001,2021-01-13,8476879,D
15,3,01:02,4,0,6:16,7:18,62,2776,2838,2020020001,2021-01-13,8476879,D
16,3,00:52,4,0,9:32,10:24,52,2972,3024,2020020001,2021-01-13,8476879,D
17,3,00:13,4,0,12:01,12:14,13,3121,3134,2020020001,2021-01-13,8476879,D
18,3,01:22,4,0,13:40,15:02,82,3220,3302,2020020001,2021-01-13,8476879,D
19,3,00:32,4,0,17:17,17:49,32,3437,3469,2020020001,2021-01-13,8476879,D
20,3,00:25,4,0,18:56,19:21,25,3536,3561,2020020001,2021-01-13,8476879,D
1,1,00:30,5,0,0:35,1:05,30,35,65,2020020001,2021-01-13,8476875,D
2,1,00:17,5,0,2:34,2:51,17,154,171,2020020001,2021-01-13,8476875,D
3,1,01:00,5,0,4:44,5:44,60,284,344,2020020001,2021-01-13,8476875,D
4,1,00:43,5,0,8:05,8:48,43,485,528,2020020001,2021-01-13,8476875,D
5,1,00:31,5,0,9:52,10:23,31,592,623,2020020001,2021-01-13,8476875,D
6,1,00:41,5,0,11:21,12:02,41,681,722,2020020001,2021-01-13,8476875,D
7,1,00:07,5,0,13:40,13:47,7,820,827,2020020001,2021-01-13,8476875,D
8,1,00:46,5,0,14:25,15:11,46,865,911,2020020001,2021-01-13,8476875,D
9,1,01:02,5,0,16:16,17:18,62,976,1038,2020020001,2021-01-13,8476875,D
10,1,00:39,5,0,18:46,19:25,39,1126,1165,2020020001,2021-01-13,8476875,D
11,1,00:08,5,0,19:52,20:00,8,1192,1200,2020020001,2021-01-13,8476875,D
12,2,00:45,5,0,0:45,1:30,45,1245,1290,2020020001,2021-01-13,8476875,D
13,2,01:45,5,0,4:40,6:25,105,1480,1585,2020020001,2021-01-13,8476875,D
14,2,00:47,5,0,12:50,13:37,47,1970,2017,2020020001,2021-01-13,8476875,D
15,2,01:18,5,0,14:58,16:16,78,2098,2176,2020020001,2021-01-13,8476875,D
16,2,00:55,5,0,17:59,18:54,55,2279,2334,2020020001,2021-01-13,8476875,D
17,3,00:11,5,0,0:28,0:39,11,2428,2439,2020020001,2021-01-13,8476875,D
18,3,00:41,5,0,3:01,3:42,41,2581,2622,2020020001,2021-01-13,8476875,D
19,3,00:23,5,0,5:14,5:37,23,2714,2737,2020020001,2021-01-13,8476875,D
20,3,00:48,5,0,8:34,9:22,48,2914,2962,2020020001,2021-01-13,8476875,D
21,3,00:51,5,0,11:10,12:01,51,3070,3121,2020020001,2021-01-13,8476875,D
22,3,00:30,5,0,12:34,13:04,30,3154,3184,2020020001,2021-01-13,8476875,D
23,3,01:18,5,0,15:16,16:34,78,3316,3394,2020020001,2021-01-13,8476875,D
24,3,00:39,5,0,19:21,20:00,39,3561,3600,2020020001,2021-01-13,8476875,D
1,1,00:30,6,0,0:35,1:05,30,35,65,2020020001,2021-01-13,8478507,D
2,1,00:17,6,0,2:34,2:51,17,154,171,2020020001,2021-01-13,8478507,D
3,1,01:00,6,0,4:44,5:44,60,284,344,2020020001,2021-01-13,8478507,D
4,1,00:35,6,0,6:45,7:20,35,405,440,2020020001,2021-01-13,8478507,D
5,1,00:43,6,0,8:05,8:48,43,485,528,2020020001,2021-01-13,8478507,D
6,1,00:31,6,0,9:52,10:23,31,592,623,2020020001,2021-01-13,8478507,D
7,1,00:34,6,0,11:21,11:55,34,681,715,2020020001,2021-01-13,8478507,D
8,1,00:46,6,0,14:25,15:11,46,865,911,2020020001,2021-01-13,8478507,D
9,1,00:35,6,0,16:43,17:18,35,1003,1038,2020020001,2021-01-13,8478507,D
10,1,00:39,6,0,18:46,19:25,39,1126,1165,2020020001,2021-01-13,8478507,D
11,1,00:08,6,0,19:52,20:00,8,1192,1200,2020020001,2021-01-13,8478507,D
12,2,00:45,6,0,0:45,1:30,45,1245,1290,2020020001,2021-01-13,8478507,D
13,2,00:58,6,0,2:33,3:31,58,1353,1411,2020020001,2021-01-13,8478507,D
14,2,00:39,6,0,6:25,7:04,39,1585,1624,2020020001,2021-01-13,8478507,D
15,2,00:46,6,0,8:40,9:26,46,1720,1766,2020020001,2021-01-13,8478507,D
16,2,00:47,6,0,12:50,13:37,47,1970,2017,2020020001,2021-01-13,8478507,D
17,2,00:47,6,0,14:58,15:45,47,2098,2145,2020020001,2021-01-13,8478507,D
18,2,00:38,6,0,18:16,18:54,38,2296,2334,2020020001,2021-01-13,8478507,D
19,3,00:52,6,0,0:28,1:20,52,2428,2480,2020020001,2021-01-13,8478507,D
20,3,00:41,6,0,3:01,3:42,41,2581,2622,2020020001,2021-01-13,8478507,D
21,3,00:23,6,0,5:14,5:37,23,2714,2737,2020020001,2021-01-13,8478507,D
22,3,00:58,6,0,8:34,9:32,58,2914,2972,2020020001,2021-01-13,8478507,D
23,3,00:51,6,0,11:10,12:01,51,3070,3121,2020020001,2021-01-13,8478507,D
24,3,00:30,6,0,12:34,13:04,30,3154,3184,2020020001,2021-01-13,8478507,D
25,3,01:32,6,0,15:02,16:34,92,3302,3394,2020020001,2021-01-13,8478507,D
26,3,00:45,6,0,17:49,18:34,45,3469,3514,2020020001,2021-01-13,8478507,D
27,3,00:39,6,0,19:21,20:00,39,3561,3600,2020020001,2021-01-13,8478507,D
1,1,00:14,7,0,1:55,2:09,14,115,129,2020020001,2021-01-13,8474098,C
2,1,00:16,7,0,4:07,4:23,16,247,263,2020020001,2021-01-13,8474098,C
3,1,00:48,7,0,7:56,8:44,48,476,524,2020020001,2021-01-13,8474098,C
4,1,00:41,7,0,11:21,12:02,41,681,722,2020020001,2021-01-13,8474098,C
5,1,00:38,7,0,13:47,14:25,38,827,865,2020020001,2021-01-13,8474098,C
6,1,00:50,7,0,17:50,18:40,50,1070,1120,2020020001,2021-01-13,8474098,C
7,2,00:49,7,0,3:39,4:28,49,1419,1468,2020020001,2021-01-13,8474098,C
8,2,00:56,7,0,9:26,10:22,56,1766,1822,2020020001,2021-01-13,8474098,C
9,2,00:54,7,0,12:31,13:25,54,1951,2005,2020020001,2021-01-13,8474098,C
10,2,00:53,7,0,15:15,16:08,53,2115,2168,2020020001,2021-01-13,8474098,C
11,2,00:25,7,0,18:29,18:54,25,2309,2334,2020020001,2021-01-13,8474098,C
12,3,00:49,7,0,1:20,2:09,49,2480,2529,2020020001,2021-01-13,8474098,C
13,3,00:53,7,0,4:18,5:11,53,2658,2711,2020020001,2021-01-13,8474098,C
14,3,01:04,7,0,8:21,9:25,64,2901,2965,2020020001,2021-01-13,8474098,C
15,3,00:30,7,0,12:34,13:04,30,3154,3184,2020020001,2021-01-13,8474098,C
16,3,00:59,7,0,15:35,16:34,59,3335,3394,2020020001,2021-01-13,8474098,C
17,3,01:00,7,0,18:21,19:21,60,3501,3561,2020020001,2021-01-13,8474098,C
1,1,00:35,8,0,0:00,0:35,35,0,35,2020020001,2021-01-13,8475208,D
2,1,00:39,8,0,1:55,2:34,39,115,154,2020020001,2021-01-13,8475208,D
3,1,01:16,8,0,2:51,4:07,76,171,247,2020020001,2021-01-13,8475208,D
4,1,00:45,8,0,7:20,8:05,45,440,485,2020020001,2021-01-13,8475208,D
5,1,00:39,8,0,9:13,9:52,39,553,592,2020020001,2021-01-13,8475208,D
6,1,00:08,8,0,11:13,11:21,8,673,681,2020020001,2021-01-13,8475208,D
7,1,00:53,8,0,11:55,12:48,53,715,768,2020020001,2021-01-13,8475208,D
8,1,00:38,8,0,13:47,14:25,38,827,865,2020020001,2021-01-13,8475208,D
9,1,00:34,8,0,15:42,16:16,34,942,976,2020020001,2021-01-13,8475208,D
10,1,00:56,8,0,17:50,18:46,56,1070,1126,2020020001,2021-01-13,8475208,D
11,1,00:27,8,0,19:25,19:52,27,1165,1192,2020020001,2021-01-13,8475208,D
12,2,00:45,8,0,0:00,0:45,45,1200,1245,2020020001,2021-01-13,8475208,D
13,2,01:01,8,0,3:39,4:40,61,1419,1480,2020020001,2021-01-13,8475208,D
14,2,00:19,8,0,7:04,7:23,19,1624,1643,2020020001,2021-01-13,8475208,D
15,2,02:19,8,0,9:26,11:45,139,1766,1905,2020020001,2021-01-13,8475208,D
16,2,00:47,8,0,13:37,14:24,47,2017,2064,2020020001,2021-01-13,8475208,D
17,2,00:31,8,0,14:27,14:58,31,2067,2098,2020020001,2021-01-13,8475208,D
18,2,00:54,8,0,17:05,17:59,54,2225,2279,2020020001,2021-01-13,8475208,D
19,2,00:50,8,0,18:54,19:44,50,2334,2384,2020020001,2021-01-13,8475208,D
20,3,00:28,8,0,0:00,0:28,28,2400,2428,2020020001,2021-01-13,8475208,D
21,3,00:49,8,0,1:20,2:09,49,2480,2529,2020020001,2021-01-13,8475208,D
22,3,00:36,8,0,3:42,4:18,36,2622,2658,2020020001,2021-01-13,8475208,D
23,3,00:39,8,0,5:37,6:16,39,2737,2776,2020020001,2021-01-13,8475208,D
24,3,01:16,8,0,7:18,8:34,76,2838,2914,2020020001,2021-01-13,8475208,D
25,3,00:46,8,0,10:24,11:10,46,3024,3070,2020020001,2021-01-13,8475208,D
26,3,00:20,8,0,12:14,12:34,20,3134,3154,2020020001,2021-01-13,8475208,D
27,3,00:53,8,0,13:04,13:57,53,3184,3237,2020020001,2021-01-13,8475208,D
28,3,00:43,8,0,16:34,17:17,43,3394,3437,2020020001,2021-01-13,8475208,D
1,1,00:35,9,0,0:00,0:35,35,0,35,2020020001,2021-01-13,8478542,C
2,1,00:42,9,0,2:09,2:51,42,129,171,2020020001,2021-01-13,8478542,C
3,1,00:32,9,0,5:12,5:44,32,312,344,2020020001,2021-01-13,8478542,C
4,1,00:35,9,0,6:45,7:20,35,405,440,2020020001,2021-01-13,8478542,C
5,1,00:44,9,0,10:37,11:21,44,637,681,2020020001,2021-01-13,8478542,C
6,1,00:53,9,0,13:32,14:25,53,812,865,2020020001,2021-01-13,8478542,C
7,1,00:54,9,0,14:48,15:42,54,888,942,2020020001,2021-01-13,8478542,C
8,1,00:47,9,0,16:31,17:18,47,991,1038,2020020001,2021-01-13,8478542,C
9,1,00:19,9,0,19:25,19:44,19,1165,1184,2020020001,2021-01-13,8478542,C
10,2,00:45,9,0,0:00,0:45,45,1200,1245,2020020001,2021-01-13,8478542,C
11,2,01:04,9,0,2:33,3:37,64,1353,1417,2020020001,2021-01-13,8478542,C
12,2,01:14,9,0,5:11,6:25,74,1511,1585,2020020001,2021-01-13,8478542,C
13,2,00:19,9,0,7:04,7:23,19,1624,1643,2020020001,2021-01-13,8478542,C
14,2,00:46,9,0,8:40,9:26,46,1720,1766,2020020001,2021-01-13,8478542,C
15,2,00:45,9,0,11:00,11:45,45,1860,1905,2020020001,2021-01-13,8478542,C
16,2,00:20,9,0,13:32,13:52,20,2012,2032,2020020001,2021-01-13,8478542,C
17,2,00:37,9,0,14:09,14:46,37,2049,2086,2020020001,2021-01-13,8478542,C
18,2,01:04,9,0,16:44,17:48,64,2204,2268,2020020001,2021-01-13,8478542,C
19,2,00:56,9,0,18:54,19:50,56,2334,2390,2020020001,2021-01-13,8478542,C
20,3,00:39,9,0,0:00,0:39,39,2400,2439,2020020001,2021-01-13,8478542,C
21,3,00:36,9,0,3:42,4:18,36,2622,2658,2020020001,2021-01-13,8478542,C
22,3,00:26,9,0,5:11,5:37,26,2711,2737,2020020001,2021-01-13,8478542,C
23,3,01:03,9,0,7:18,8:21,63,2838,2901,2020020001,2021-01-13,8478542,C
24,3,00:54,9,0,10:57,11:51,54,3057,3111,2020020001,2021-01-13,8478542,C
25,3,00:36,9,0,13:04,13:40,36,3184,3220,2020020001,2021-01-13,8478542,C
26,3,00:43,9,0,16:34,17:17,43,3394,3437,2020020001,2021-01-13,8478542,C
1,1,00:50,13,0,1:05,1:55,50,65,115,2020020001,2021-01-13,8479293,L
2,1,00:49,13,0,4:23,5:12,49,263,312,2020020001,2021-01-13,8479293,L
3,1,01:00,13,0,8:44,9:44,60,524,584,2020020001,2021-01-13,8479293,L
4,1,00:46,13,0,12:02,12:48,46,722,768,2020020001,2021-01-13,8479293,L
5,1,00:23,13,0,14:25,14:48,23,865,888,2020020001,2021-01-13,8479293,L
6,1,00:32,13,0,17:18,17:50,32,1038,1070,2020020001,2021-01-13,8479293,L
7,1,00:06,13,0,19:52,19:58,6,1192,1198,2020020001,2021-01-13,8479293,L
8,2,00:41,13,0,1:11,1:52,41,1271,1312,2020020001,2021-01-13,8479293,L
9,2,00:43,13,0,4:28,5:11,43,1468,1511,2020020001,2021-01-13,8479293,L
10,2,00:38,13,0,10:22,11:00,38,1822,1860,2020020001,2021-01-13,8479293,L
11,2,00:44,13,0,13:25,14:09,44,2005,2049,2020020001,2021-01-13,8479293,L
12,2,00:36,13,0,16:08,16:44,36,2168,2204,2020020001,2021-01-13,8479293,L
13,2,00:10,13,0,19:50,20:00,10,2390,2400,2020020001,2021-01-13,8479293,L
14,3,00:41,13,0,0:39,1:20,41,2439,2480,2020020001,2021-01-13,8479293,L
15,3,00:17,13,0,2:09,2:26,17,2529,2546,2020020001,2021-01-13,8479293,L
16,3,00:03,13,0,2:58,3:01,3,2578,2581,2020020001,2021-01-13,8479293,L
17,3,00:25,13,0,5:51,6:16,25,2751,2776,2020020001,2021-01-13,8479293,L
18,3,00:37,13,0,9:25,10:02,37,2965,3002,2020020001,2021-01-13,8479293,L
19,3,00:23,13,0,11:51,12:14,23,3111,3134,2020020001,2021-01-13,8479293,L
20,3,00:44,13,0,14:51,15:35,44,3291,3335,2020020001,2021-01-13,8479293,L
21,3,00:32,13,0,17:49,18:21,32,3469,3501,2020020001,2021-01-13,8479293,L
22,3,00:39,13,0,19:21,20:00,39,3561,3600,2020020001,2021-01-13,8479293,L
1,1,00:50,14,0,1:05,1:55,50,65,115,2020020001,2021-01-13,8476873,C
2,1,00:49,14,0,4:23,5:12,49,263,312,2020020001,2021-01-13,8476873,C
3,1,00:56,14,0,8:48,9:44,56,528,584,2020020001,2021-01-13,8476873,C
4,1,00:46,14,0,12:02,12:48,46,722,768,2020020001,2021-01-13,8476873,C
5,1,00:23,14,0,14:25,14:48,23,865,888,2020020001,2021-01-13,8476873,C
6,1,00:42,14,0,17:08,17:50,42,1028,1070,2020020001,2021-01-13,8476873,C
7,1,00:08,14,0,19:44,19:52,8,1184,1192,2020020001,2021-01-13,8476873,C
8,1,00:06,14,0,19:52,19:58,6,1192,1198,2020020001,2021-01-13,8476873,C
9,2,00:41,14,0,1:11,1:52,41,1271,1312,2020020001,2021-01-13,8476873,C
10,2,00:36,14,0,4:40,5:16,36,1480,1516,2020020001,2021-01-13,8476873,C
11,2,00:46,14,0,10:14,11:00,46,1814,1860,2020020001,2021-01-13,8476873,C
12,2,00:23,14,0,13:46,14:09,23,2026,2049,2020020001,2021-01-13,8476873,C
13,2,00:32,14,0,16:08,16:40,32,2168,2200,2020020001,2021-01-13,8476873,C
14,3,00:41,14,0,0:39,1:20,41,2439,2480,2020020001,2021-01-13,8476873,C
15,3,00:25,14,0,2:36,3:01,25,2556,2581,2020020001,2021-01-13,8476873,C
16,3,00:25,14,0,5:51,6:16,25,2751,2776,2020020001,2021-01-13,8476873,C
17,3,00:54,14,0,9:25,10:19,54,2965,3019,2020020001,2021-01-13,8476873,C
18,3,00:23,14,0,11:51,12:14,23,3111,3134,2020020001,2021-01-13,8476873,C
19,3,00:52,14,0,14:47,15:39,52,3287,3339,2020020001,2021-01-13,8476873,C
20,3,00:32,14,0,17:49,18:21,32,3469,3501,2020020001,2021-01-13,8476873,C
21,3,00:39,14,0,19:21,20:00,39,3561,3600,2020020001,2021-01-13,8476873,C
1,1,00:30,16,0,0:35,1:05,30,35,65,2020020001,2021-01-13,8475722,L
2,1,01:16,16,0,2:51,4:07,76,171,247,2020020001,2021-01-13,8475722,L
3,1,00:35,16,0,6:45,7:20,35,405,440,2020020001,2021-01-13,8475722,L
4,1,00:39,16,0,8:05,8:44,39,485,524,2020020001,2021-01-13,8475722,L
5,1,00:53,16,0,9:44,10:37,53,584,637,2020020001,2021-01-13,8475722,L
6,1,00:44,16,0,12:48,13:32,44,768,812,2020020001,2021-01-13,8475722,L
7,1,00:49,16,0,15:42,16:31,49,942,991,2020020001,2021-01-13,8475722,L
8,1,00:45,16,0,18:40,19:25,45,1120,1165,2020020001,2021-01-13,8475722,L
9,2,00:26,16,0,0:45,1:11,26,1245,1271,2020020001,2021-01-13,8475722,L
10,2,01:04,16,0,2:33,3:37,64,1353,1417,2020020001,2021-01-13,8475722,L
11,2,00:39,16,0,6:25,7:04,39,1585,1624,2020020001,2021-01-13,8475722,L
12,2,00:46,16,0,8:40,9:26,46,1720,1766,2020020001,2021-01-13,8475722,L
13,2,00:37,16,0,11:54,12:31,37,1914,1951,2020020001,2021-01-13,8475722,L
14,2,00:29,16,0,14:46,15:15,29,2086,2115,2020020001,2021-01-13,8475722,L
15,2,00:33,16,0,17:48,18:21,33,2268,2301,2020020001,2021-01-13,8475722,L
16,3,00:41,16,0,3:01,3:42,41,2581,2622,2020020001,2021-01-13,8475722,L
17,3,00:14,16,0,5:37,5:51,14,2737,2751,2020020001,2021-01-13,8475722,L
18,3,01:02,16,0,6:16,7:18,62,2776,2838,2020020001,2021-01-13,8475722,L
19,3,01:04,16,0,10:02,11:06,64,3002,3066,2020020001,2021-01-13,8475722,L
20,3,00:20,16,0,12:14,12:34,20,3134,3154,2020020001,2021-01-13,8475722,L
21,3,01:11,16,0,13:40,14:51,71,3220,3291,2020020001,2021-01-13,8475722,L
22,3,00:32,16,0,17:17,17:49,32,3437,3469,2020020001,2021-01-13,8475722,L
1,1,00:30,17,0,0:35,1:05,30,35,65,2020020001,2021-01-13,8475810,R
2,1,01:16,17,0,2:51,4:07,76,171,247,2020020001,2021-01-13,8475810,R
3,1,01:01,17,0,5:44,6:45,61,344,405,2020020001,2021-01-13,8475810,R
4,1,00:53,17,0,9:44,10:37,53,584,637,2020020001,2021-01-13,8475810,R
5,1,00:44,17,0,12:48,13:32,44,768,812,2020020001,2021-01-13,8475810,R
6,1,00:23,17,0,14:48,15:11,23,888,911,2020020001,2021-01-13,8475810,R
7,1,00:49,17,0,15:42,16:31,49,942,991,2020020001,2021-01-13,8475810,R
8,1,00:45,17,0,18:40,19:25,45,1120,1165,2020020001,2021-01-13,8475810,R
9,2,00:26,17,0,0:45,1:11,26,1245,1271,2020020001,2021-01-13,8475810,R
10,2,00:41,17,0,1:52,2:33,41,1312,1353,2020020001,2021-01-13,8475810,R
11,2,00:39,17,0,6:25,7:04,39,1585,1624,2020020001,2021-01-13,8475810,R
12,2,01:17,17,0,7:23,8:40,77,1643,1720,2020020001,2021-01-13,8475810,R
13,2,00:46,17,0,11:45,12:31,46,1905,1951,2020020001,2021-01-13,8475810,R
14,2,00:29,17,0,14:46,15:15,29,2086,2115,2020020001,2021-01-13,8475810,R
15,2,00:41,17,0,17:48,18:29,41,2268,2309,2020020001,2021-01-13,8475810,R
16,2,00:10,17,0,19:50,20:00,10,2390,2400,2020020001,2021-01-13,8475810,R
17,3,00:49,17,0,2:09,2:58,49,2529,2578,2020020001,2021-01-13,8475810,R
18,3,00:41,17,0,3:01,3:42,41,2581,2622,2020020001,2021-01-13,8475810,R
19,3,00:14,17,0,5:37,5:51,14,2737,2751,2020020001,2021-01-13,8475810,R
20,3,01:02,17,0,6:16,7:18,62,2776,2838,2020020001,2021-01-13,8475810,R
21,3,00:55,17,0,10:02,10:57,55,3002,3057,2020020001,2021-01-13,8475810,R
22,3,00:20,17,0,12:14,12:34,20,3134,3154,2020020001,2021-01-13,8475810,R
23,3,01:11,17,0,13:40,14:51,71,3220,3291,2020020001,2021-01-13,8475810,R
24,3,00:32,17,0,17:17,17:49,32,3437,3469,2020020001,2021-01-13,8475810,R
1,1,00:14,18,0,1:55,2:09,14,115,129,2020020001,2021-01-13,8478043,C
2,1,00:37,18,0,4:07,4:44,37,247,284,2020020001,2021-01-13,8478043,C
3,1,00:09,18,0,7:56,8:05,9,476,485,2020020001,2021-01-13,8478043,C
4,1,00:04,18,0,8:44,8:48,4,524,528,2020020001,2021-01-13,8478043,C
5,1,00:41,18,0,11:21,12:02,41,681,722,2020020001,2021-01-13,8478043,C
6,1,00:50,18,0,17:50,18:40,50,1070,1120,2020020001,2021-01-13,8478043,C
7,2,00:49,18,0,3:39,4:28,49,1419,1468,2020020001,2021-01-13,8478043,C
8,2,00:48,18,0,9:26,10:14,48,1766,1814,2020020001,2021-01-13,8478043,C
9,2,01:01,18,0,12:31,13:32,61,1951,2012,2020020001,2021-01-13,8478043,C
10,2,00:53,18,0,15:15,16:08,53,2115,2168,2020020001,2021-01-13,8478043,C
11,2,00:33,18,0,18:21,18:54,33,2301,2334,2020020001,2021-01-13,8478043,C
12,3,00:43,18,0,4:18,5:01,43,2658,2701,2020020001,2021-01-13,8478043,C
13,3,01:04,18,0,8:21,9:25,64,2901,2965,2020020001,2021-01-13,8478043,C
14,3,00:30,18,0,12:34,13:04,30,3154,3184,2020020001,2021-01-13,8478043,C
15,3,00:55,18,0,15:39,16:34,55,3339,3394,2020020001,2021-01-13,8478043,C
16,3,00:54,18,0,18:27,19:21,54,3507,3561,2020020001,2021-01-13,8478043,C
17,3,00:10,18,0,19:50,20:00,10,3590,3600,2020020001,2021-01-13,8478043,C
1,1,00:50,19,0,1:05,1:55,50,65,115,2020020001,2021-01-13,8477955,C
2,1,00:28,19,0,4:44,5:12,28,284,312,2020020001,2021-01-13,8477955,C
3,1,00:35,19,0,6:45,7:20,35,405,440,2020020001,2021-01-13,8477955,C
4,1,00:56,19,0,8:48,9:44,56,528,584,2020020001,2021-01-13,8477955,C
5,1,00:46,19,0,12:02,12:48,46,722,768,2020020001,2021-01-13,8477955,C
6,1,00:32,19,0,17:18,17:50,32,1038,1070,2020020001,2021-01-13,8477955,C
7,1,00:06,19,0,19:52,19:58,6,1192,1198,2020020001,2021-01-13,8477955,C
8,1,00:02,19,0,19:58,20:00,2,1198,1200,2020020001,2021-01-13,8477955,C
9,2,00:41,19,0,1:11,1:52,41,1271,1312,2020020001,2021-01-13,8477955,C
10,2,01:04,19,0,2:33,3:37,64,1353,1417,2020020001,2021-01-13,8477955,C
11,2,00:43,19,0,4:28,5:11,43,1468,1511,2020020001,2021-01-13,8477955,C
12,2,00:46,19,0,8:40,9:26,46,1720,1766,2020020001,2021-01-13,8477955,C
13,2,00:46,19,0,10:14,11:00,46,1814,1860,2020020001,2021-01-13,8477955,C
14,2,00:24,19,0,13:52,14:16,24,2032,2056,2020020001,2021-01-13,8477955,C
15,2,01:01,19,0,16:08,17:09,61,2168,2229,2020020001,2021-01-13,8477955,C
16,3,00:22,19,0,2:39,3:01,22,2559,2581,2020020001,2021-01-13,8477955,C
17,3,00:25,19,0,5:51,6:16,25,2751,2776,2020020001,2021-01-13,8477955,C
18,3,00:37,19,0,9:25,10:02,37,2965,3002,2020020001,2021-01-13,8477955,C
19,3,00:23,19,0,11:51,12:14,23,3111,3134,2020020001,2021-01-13,8477955,C
20,3,00:48,19,0,14:51,15:39,48,3291,3339,2020020001,2021-01-13,8477955,C
21,3,00:38,19,0,17:49,18:27,38,3469,3507,2020020001,2021-01-13,8477955,C
22,3,00:29,19,0,19:21,19:50,29,3561,3590,2020020001,2021-01-13,8477955,C
1,1,00:50,28,0,1:05,1:55,50,65,115,2020020001,2021-01-13,8477969,D
2,1,00:37,28,0,4:07,4:44,37,247,284,2020020001,2021-01-13,8477969,D
3,1,00:35,28,0,6:45,7:20,35,405,440,2020020001,2021-01-13,8477969,D
4,1,00:25,28,0,8:48,9:13,25,528,553,2020020001,2021-01-13,8477969,D
5,1,00:50,28,0,10:23,11:13,50,623,673,2020020001,2021-01-13,8477969,D
6,1,00:52,28,0,12:48,13:40,52,768,820,2020020001,2021-01-13,8477969,D
7,1,00:31,28,0,15:11,15:42,31,911,942,2020020001,2021-01-13,8477969,D
8,1,00:32,28,0,17:18,17:50,32,1038,1070,2020020001,2021-01-13,8477969,D
9,2,00:22,28,0,1:30,1:52,22,1290,1312,2020020001,2021-01-13,8477969,D
10,2,01:06,28,0,2:33,3:39,66,1353,1419,2020020001,2021-01-13,8477969,D
11,2,01:14,28,0,5:50,7:04,74,1550,1624,2020020001,2021-01-13,8477969,D
12,2,00:46,28,0,8:40,9:26,46,1720,1766,2020020001,2021-01-13,8477969,D
13,2,01:05,28,0,11:45,12:50,65,1905,1970,2020020001,2021-01-13,8477969,D
14,2,00:03,28,0,14:24,14:27,3,2064,2067,2020020001,2021-01-13,8477969,D
15,2,00:49,28,0,16:16,17:05,49,2176,2225,2020020001,2021-01-13,8477969,D
16,2,00:16,28,0,19:44,20:00,16,2384,2400,2020020001,2021-01-13,8477969,D
17,3,00:41,28,0,0:39,1:20,41,2439,2480,2020020001,2021-01-13,8477969,D
18,3,00:52,28,0,2:09,3:01,52,2529,2581,2020020001,2021-01-13,8477969,D
19,3,00:56,28,0,4:18,5:14,56,2658,2714,2020020001,2021-01-13,8477969,D
20,3,01:02,28,0,6:16,7:18,62,2776,2838,2020020001,2021-01-13,8477969,D
21,3,01:02,28,0,9:22,10:24,62,2962,3024,2020020001,2021-01-13,8477969,D
22,3,00:13,28,0,12:01,12:14,13,3121,3134,2020020001,2021-01-13,8477969,D
23,3,01:19,28,0,13:57,15:16,79,3237,3316,2020020001,2021-01-13,8477969,D
24,3,00:32,28,0,17:17,17:49,32,3437,3469,2020020001,2021-01-13,8477969,D
25,3,00:47,28,0,18:34,19:21,47,3514,3561,2020020001,2021-01-13,8477969,D
1,1,05:39,35,0,0:00,5:39,339,0,339,2020020001,2021-01-13,8477465,G
2,1,14:14,35,0,5:44,19:58,854,344,1198,2020020001,2021-01-13,8477465,G
3,2,01:50,35,0,0:00,1:50,110,1200,1310,2020020001,2021-01-13,8477465,G
4,2,18:08,35,0,1:52,20:00,1088,1312,2400,2020020001,2021-01-13,8477465,G
5,3,20:00,35,0,0:00,20:00,1200,2400,3600,2020020001,2021-01-13,8477465,G
1,1,00:14,53,0,1:55,2:09,14,115,129,2020020001,2021-01-13,8476927,C
2,1,00:16,53,0,4:07,4:23,16,247,263,2020020001,2021-01-13,8476927,C
3,1,00:09,53,0,7:56,8:05,9,476,485,2020020001,2021-01-13,8476927,C
4,1,00:04,53,0,8:44,8:48,4,524,528,2020020001,2021-01-13,8476927,C
5,1,00:41,53,0,11:21,12:02,41,681,722,2020020001,2021-01-13,8476927,C
6,1,00:38,53,0,13:47,14:25,38,827,865,2020020001,2021-01-13,8476927,C
7,1,00:50,53,0,17:50,18:40,50,1070,1120,2020020001,2021-01-13,8476927,C
8,1,00:08,53,0,19:44,19:52,8,1184,1192,2020020001,2021-01-13,8476927,C
9,2,01:01,53,0,3:39,4:40,61,1419,1480,2020020001,2021-01-13,8476927,C
10,2,00:48,53,0,9:26,10:14,48,1766,1814,2020020001,2021-01-13,8476927,C
11,2,01:15,53,0,12:31,13:46,75,1951,2026,2020020001,2021-01-13,8476927,C
12,2,00:53,53,0,15:15,16:08,53,2115,2168,2020020001,2021-01-13,8476927,C
13,2,00:21,53,0,18:33,18:54,21,2313,2334,2020020001,2021-01-13,8476927,C
14,3,00:49,53,0,1:20,2:09,49,2480,2529,2020020001,2021-01-13,8476927,C
15,3,00:43,53,0,4:18,5:01,43,2658,2701,2020020001,2021-01-13,8476927,C
16,3,00:59,53,0,8:26,9:25,59,2906,2965,2020020001,2021-01-13,8476927,C
17,3,00:30,53,0,12:34,13:04,30,3154,3184,2020020001,2021-01-13,8476927,C
18,3,00:55,53,0,15:39,16:34,55,3339,3394,2020020001,2021-01-13,8476927,C
19,3,01:00,53,0,18:21,19:21,60,3501,3561,2020020001,2021-01-13,8476927,C
1,1,00:35,58,0,0:00,0:35,35,0,35,2020020001,2021-01-13,8471724,D
2,1,00:39,58,0,1:55,2:34,39,115,154,2020020001,2021-01-13,8471724,D
3,1,01:16,58,0,2:51,4:07,76,171,247,2020020001,2021-01-13,8471724,D
4,1,01:01,58,0,5:44,6:45,61,344,405,2020020001,2021-01-13,8471724,D
5,1,00:45,58,0,7:20,8:05,45,440,485,2020020001,2021-01-13,8471724,D
6,1,00:39,58,0,9:13,9:52,39,553,592,2020020001,2021-01-13,8471724,D
7,1,00:08,58,0,11:13,11:21,8,673,681,2020020001,2021-01-13,8471724,D
8,1,00:46,58,0,12:02,12:48,46,722,768,2020020001,2021-01-13,8471724,D
9,1,00:38,58,0,13:47,14:25,38,827,865,2020020001,2021-01-13,8471724,D
10,1,01:01,58,0,15:42,16:43,61,942,1003,2020020001,2021-01-13,8471724,D
11,1,00:56,58,0,17:50,18:46,56,1070,1126,2020020001,2021-01-13,8471724,D
12,1,00:27,58,0,19:25,19:52,27,1165,1192,2020020001,2021-01-13,8471724,D
13,2,00:45,58,0,0:00,0:45,45,1200,1245,2020020001,2021-01-13,8471724,D
14,2,00:41,58,0,1:52,2:33,41,1312,1353,2020020001,2021-01-13,8471724,D
15,2,01:09,58,0,3:31,4:40,69,1411,1480,2020020001,2021-01-13,8471724,D
16,2,01:36,58,0,7:04,8:40,96,1624,1720,2020020001,2021-01-13,8471724,D
17,2,00:45,58,0,11:00,11:45,45,1860,1905,2020020001,2021-01-13,8471724,D
18,2,01:21,58,0,13:37,14:58,81,2017,2098,2020020001,2021-01-13,8471724,D
19,2,01:11,58,0,17:05,18:16,71,2225,2296,2020020001,2021-01-13,8471724,D
20,2,01:06,58,0,18:54,20:00,66,2334,2400,2020020001,2021-01-13,8471724,D
21,3,00:28,58,0,0:00,0:28,28,2400,2428,2020020001,2021-01-13,8471724,D
22,3,00:49,58,0,1:20,2:09,49,2480,2529,2020020001,2021-01-13,8471724,D
23,3,00:36,58,0,3:42,4:18,36,2622,2658,2020020001,2021-01-13,8471724,D
24,3,00:39,58,0,5:37,6:16,39,2737,2776,2020020001,2021-01-13,8471724,D
25,3,01:16,58,0,7:18,8:34,76,2838,2914,2020020001,2021-01-13,8471724,D
26,3,00:46,58,0,10:24,11:10,46,3024,3070,2020020001,2021-01-13,8471724,D
27,3,00:20,58,0,12:14,12:34,20,3134,3154,2020020001,2021-01-13,8471724,D
28,3,00:36,58,0,13:04,13:40,36,3184,3220,2020020001,2021-01-13,8471724,D
29,3,00:43,58,0,16:34,17:17,43,3394,3437,2020020001,2021-01-13,8471724,D
30,3,01:07,58,0,17:49,18:56,67,3469,3536,2020020001,2021-01-13,8471724,D
1,1,00:35,59,0,0:00,0:35,35,0,35,2020020001,2021-01-13,8477404,C
2,1,00:42,59,0,2:09,2:51,42,129,171,2020020001,2021-01-13,8477404,C
3,1,01:33,59,0,5:12,6:45,93,312,405,2020020001,2021-01-13,8477404,C
4,1,00:36,59,0,7:20,7:56,36,440,476,2020020001,2021-01-13,8477404,C
5,1,00:44,59,0,10:37,11:21,44,637,681,2020020001,2021-01-13,8477404,C
6,1,00:15,59,0,13:32,13:47,15,812,827,2020020001,2021-01-13,8477404,C
7,1,00:31,59,0,15:11,15:42,31,911,942,2020020001,2021-01-13,8477404,C
8,1,00:47,59,0,16:31,17:18,47,991,1038,2020020001,2021-01-13,8477404,C
9,1,00:19,59,0,19:25,19:44,19,1165,1184,2020020001,2021-01-13,8477404,C
10,1,00:02,59,0,19:58,20:00,2,1198,1200,2020020001,2021-01-13,8477404,C
11,2,00:45,59,0,0:00,0:45,45,1200,1245,2020020001,2021-01-13,8477404,C
12,2,00:43,59,0,1:50,2:33,43,1310,1353,2020020001,2021-01-13,8477404,C
13,2,00:02,59,0,3:37,3:39,2,1417,1419,2020020001,2021-01-13,8477404,C
14,2,01:09,59,0,5:16,6:25,69,1516,1585,2020020001,2021-01-13,8477404,C
15,2,01:36,59,0,7:04,8:40,96,1624,1720,2020020001,2021-01-13,8477404,C
16,2,00:54,59,0,11:00,11:54,54,1860,1914,2020020001,2021-01-13,8477404,C
17,2,00:30,59,0,14:16,14:46,30,2056,2086,2020020001,2021-01-13,8477404,C
18,2,00:39,59,0,17:09,17:48,39,2229,2268,2020020001,2021-01-13,8477404,C
19,2,00:56,59,0,18:54,19:50,56,2334,2390,2020020001,2021-01-13,8477404,C
20,3,00:39,59,0,0:00,0:39,39,2400,2439,2020020001,2021-01-13,8477404,C
21,3,00:36,59,0,3:42,4:18,36,2622,2658,2020020001,2021-01-13,8477404,C
22,3,00:36,59,0,5:01,5:37,36,2701,2737,2020020001,2021-01-13,8477404,C
23,3,01:03,59,0,7:18,8:21,63,2838,2901,2020020001,2021-01-13,8477404,C
24,3,00:45,59,0,11:06,11:51,45,3066,3111,2020020001,2021-01-13,8477404,C
25,3,00:36,59,0,13:04,13:40,36,3184,3220,2020020001,2021-01-13,8477404,C
26,3,00:43,59,0,16:34,17:17,43,3394,3437,2020020001,2021-01-13,8477404,C
1,1,00:30,71,0,0:35,1:05,30,35,65,2020020001,2021-01-13,8471215,C
2,1,01:16,71,0,2:51,4:07,76,171,247,2020020001,2021-01-13,8471215,C
3,1,01:06,71,0,5:39,6:45,66,339,405,2020020001,2021-01-13,8471215,C
4,1,00:36,71,0,7:20,7:56,36,440,476,2020020001,2021-01-13,8471215,C
5,1,00:39,71,0,8:05,8:44,39,485,524,2020020001,2021-01-13,8471215,C
6,1,00:53,71,0,9:44,10:37,53,584,637,2020020001,2021-01-13,8471215,C
7,1,00:44,71,0,12:48,13:32,44,768,812,2020020001,2021-01-13,8471215,C
8,1,00:49,71,0,15:42,16:31,49,942,991,2020020001,2021-01-13,8471215,C
9,1,01:04,71,0,18:40,19:44,64,1120,1184,2020020001,2021-01-13,8471215,C
10,1,00:02,71,0,19:58,20:00,2,1198,1200,2020020001,2021-01-13,8471215,C
11,2,00:26,71,0,0:45,1:11,26,1245,1271,2020020001,2021-01-13,8471215,C
12,2,00:41,71,0,1:52,2:33,41,1312,1353,2020020001,2021-01-13,8471215,C
13,2,00:02,71,0,3:37,3:39,2,1417,1419,2020020001,2021-01-13,8471215,C
14,2,00:39,71,0,6:25,7:04,39,1585,1624,2020020001,2021-01-13,8471215,C
15,2,01:17,71,0,7:23,8:40,77,1643,1720,2020020001,2021-01-13,8471215,C
16,2,00:37,71,0,11:54,12:31,37,1914,1951,2020020001,2021-01-13,8471215,C
17,2,00:29,71,0,14:46,15:15,29,2086,2115,2020020001,2021-01-13,8471215,C
18,2,00:51,71,0,17:42,18:33,51,2262,2313,2020020001,2021-01-13,8471215,C
19,2,00:10,71,0,19:50,20:00,10,2390,2400,2020020001,2021-01-13,8471215,C
20,3,00:01,71,0,0:38,0:39,1,2438,2439,2020020001,2021-01-13,8471215,C
21,3,00:41,71,0,3:01,3:42,41,2581,2622,2020020001,2021-01-13,8471215,C
22,3,00:14,71,0,5:37,5:51,14,2737,2751,2020020001,2021-01-13,8471215,C
23,3,01:02,71,0,6:16,7:18,62,2776,2838,2020020001,2021-01-13,8471215,C
24,3,00:47,71,0,10:19,11:06,47,3019,3066,2020020001,2021-01-13,8471215,C
25,3,00:20,71,0,12:14,12:34,20,3134,3154,2020020001,2021-01-13,8471215,C
26,3,01:07,71,0,13:40,14:47,67,3220,3287,2020020001,2021-01-13,8471215,C
27,3,00:32,71,0,17:17,17:49,32,3437,3469,2020020001,2021-01-13,8471215,C
1,1,00:35,87,0,0:00,0:35,35,0,35,2020020001,2021-01-13,8471675,C
2,1,00:42,87,0,2:09,2:51,42,129,171,2020020001,2021-01-13,8471675,C
3,1,01:33,87,0,5:12,6:45,93,312,405,2020020001,2021-01-13,8471675,C
4,1,00:36,87,0,7:20,7:56,36,440,476,2020020001,2021-01-13,8471675,C
5,1,00:44,87,0,10:37,11:21,44,637,681,2020020001,2021-01-13,8471675,C
6,1,00:15,87,0,13:32,13:47,15,812,827,2020020001,2021-01-13,8471675,C
7,1,00:31,87,0,15:11,15:42,31,911,942,2020020001,2021-01-13,8471675,C
8,1,00:37,87,0,16:31,17:08,37,991,1028,2020020001,2021-01-13,8471675,C
9,1,00:02,87,0,19:58,20:00,2,1198,1200,2020020001,2021-01-13,8471675,C
10,2,00:45,87,0,0:00,0:45,45,1200,1245,2020020001,2021-01-13,8471675,C
11,2,00:41,87,0,1:52,2:33,41,1312,1353,2020020001,2021-01-13,8471675,C
12,2,00:02,87,0,3:37,3:39,2,1417,1419,2020020001,2021-01-13,8471675,C
13,2,01:14,87,0,5:11,6:25,74,1511,1585,2020020001,2021-01-13,8471675,C
14,2,01:36,87,0,7:04,8:40,96,1624,1720,2020020001,2021-01-13,8471675,C
15,2,00:54,87,0,11:00,11:54,54,1860,1914,2020020001,2021-01-13,8471675,C
16,2,00:37,87,0,14:09,14:46,37,2049,2086,2020020001,2021-01-13,8471675,C
17,2,01:02,87,0,16:40,17:42,62,2200,2262,2020020001,2021-01-13,8471675,C
18,2,00:56,87,0,18:54,19:50,56,2334,2390,2020020001,2021-01-13,8471675,C
19,3,00:38,87,0,0:00,0:38,38,2400,2438,2020020001,2021-01-13,8471675,C
20,3,00:10,87,0,2:26,2:36,10,2546,2556,2020020001,2021-01-13,8471675,C
21,3,00:36,87,0,3:42,4:18,36,2622,2658,2020020001,2021-01-13,8471675,C
22,3,00:36,87,0,5:01,5:37,36,2701,2737,2020020001,2021-01-13,8471675,C
23,3,01:08,87,0,7:18,8:26,68,2838,2906,2020020001,2021-01-13,8471675,C
24,3,00:45,87,0,11:06,11:51,45,3066,3111,2020020001,2021-01-13,8471675,C
25,3,00:36,87,0,13:04,13:40,36,3184,3220,2020020001,2021-01-13,8471675,C
26,3,00:43,87,0,16:34,17:17,43,3394,3437,2020020001,2021-01-13,8471675,C
